,url
0,https://www.a-ha.io/questions/4618f4a4b7594fddbcfbcb8a16bc208f?aha_term=%EC%83%9D%EB%A6%AC
1,https://www.a-ha.io/questions/4e9a1b9431d0007cb4dcc49581c54a38?aha_term=%EC%83%9D%EB%A6%AC
2,https://www.a-ha.io/questions/401de30f714dccd090b89608fe69f925?aha_term=%EC%83%9D%EB%A6%AC
3,https://www.a-ha.io/questions/42d26fc7da6fa8d5b22ba1b92cc83a3e?aha_term=%EC%83%9D%EB%A6%AC
4,https://www.a-ha.io/questions/4d01993c470d823394caa79abea25fe9?aha_term=%EC%83%9D%EB%A6%AC
5,https://www.a-ha.io/questions/4b8587df14e863fcb9d9a4f1c33039f2?aha_term=%EC%83%9D%EB%A6%AC
6,https://www.a-ha.io/questions/44670b88e517a304b689ae92e0bef776?aha_term=%EC%83%9D%EB%A6%AC
7,https://www.a-ha.io/questions/494eb56243f09f64934d685e83048e66?aha_term=%EC%83%9D%EB%A6%AC
8,https://www.a-ha.io/questions/4459700beec9ba7797dbece0e0bcab18?aha_term=%EC%83%9D%EB%A6%AC
9,https://www.a-ha.io/questions/4b5ab8c7ecfe343b81caaca8243a8366?aha_term=%EC%83%9D%EB%A6%AC
10,https://www.a-ha.io/questions/447c40f298e38f38ba51492b77bdacde?aha_term=%EC%83%9D%EB%A6%AC
11,https://www.a-ha.io/questions/4c33c55d42b82ef58f80022161ed3753?aha_term=%EC%83%9D%EB%A6%AC
12,https://www.a-ha.io/questions/46d820a421bc1013886912b068be71d9?aha_term=%EC%83%9D%EB%A6%AC
13,https://www.a-ha.io/questions/4b8220bb95abc2b49a9e1177709d69bb?aha_term=%EC%83%9D%EB%A6%AC
14,https://www.a-ha.io/questions/4da402f53e754dbea56770ba0de54009?aha_term=%EC%83%9D%EB%A6%AC
15,https://www.a-ha.io/questions/4fb978edd3786efd946a2904eb2d1bfc?aha_term=%EC%83%9D%EB%A6%AC
16,https://www.a-ha.io/questions/46d3f98b8e61c86095e4275f66151f55?aha_term=%EC%83%9D%EB%A6%AC
17,https://www.a-ha.io/questions/4c3cc5a0cf434984b586710ec7b34688?aha_term=%EC%83%9D%EB%A6%AC
18,https://www.a-ha.io/questions/4be40227ff6f7865a09c596354110875?aha_term=%EC%83%9D%EB%A6%AC
19,https://www.a-ha.io/questions/4d007b469b0d4899aaddf2c255a6c94e?aha_term=%EC%83%9D%EB%A6%AC
20,https://www.a-ha.io/questions/426df6bd56e691709cee8370683654a0?aha_term=%EC%83%9D%EB%A6%AC
21,https://www.a-ha.io/questions/4dd43f3c2387a0caae76a218de640745?aha_term=%EC%83%9D%EB%A6%AC
22,https://www.a-ha.io/questions/45e36cbe850cba138dfe95132d17b257?aha_term=%EC%83%9D%EB%A6%AC
23,https://www.a-ha.io/questions/49d6f91be88a1b10870ff152f42c784b?aha_term=%EC%83%9D%EB%A6%AC
24,https://www.a-ha.io/questions/428eb90bf2e314e2bbd13677b68d626b?aha_term=%EC%83%9D%EB%A6%AC
25,https://www.a-ha.io/questions/4f07bfa6eff07b60877e4d4470d725b6?aha_term=%EC%83%9D%EB%A6%AC
26,https://www.a-ha.io/questions/4f8346c6702a51f99cd3394b72278e52?aha_term=%EC%83%9D%EB%A6%AC
27,https://www.a-ha.io/questions/45c63463c7827a979108a028f70e9c9e?aha_term=%EC%83%9D%EB%A6%AC
28,https://www.a-ha.io/questions/462bef7779f9b66ea112e7ea360fd783?aha_term=%EC%83%9D%EB%A6%AC
29,https://www.a-ha.io/questions/4c50e8ed610102a1a08b775a782bead2?aha_term=%EC%83%9D%EB%A6%AC
30,https://www.a-ha.io/questions/438ad6c159cb789b9b45390cd4665d84?aha_term=%EC%83%9D%EB%A6%AC
31,https://www.a-ha.io/questions/4cbf98763fc234af916b4b8717ea8883?aha_term=%EC%83%9D%EB%A6%AC
32,https://www.a-ha.io/questions/410696b973ef57d0921835db347c46d5?aha_term=%EC%83%9D%EB%A6%AC
33,https://www.a-ha.io/questions/43024e1ab693feb8a49d277939f24302?aha_term=%EC%83%9D%EB%A6%AC
34,https://www.a-ha.io/questions/45e6aaf3565e9476a5100edc81269b28?aha_term=%EC%83%9D%EB%A6%AC
35,https://www.a-ha.io/questions/4be5791acbf78ecfb42d5950017c667a?aha_term=%EC%83%9D%EB%A6%AC
36,https://www.a-ha.io/questions/40f89d3409d35ca7b0745242dcf924f7?aha_term=%EC%83%9D%EB%A6%AC
37,https://www.a-ha.io/questions/4e04c3bd67be421db18dee4017b8d794?aha_term=%EC%83%9D%EB%A6%AC
38,https://www.a-ha.io/questions/42cb40abf8c619bd990035bc726fd404?aha_term=%EC%83%9D%EB%A6%AC
39,https://www.a-ha.io/questions/41572a68ad5a901b92e1f9cf90b7dda1?aha_term=%EC%83%9D%EB%A6%AC
40,https://www.a-ha.io/questions/44b24d23c7c44431b06d9bebee0ee9b6?aha_term=%EC%83%9D%EB%A6%AC
41,https://www.a-ha.io/questions/4394702c1953836cb14805ab78129e16?aha_term=%EC%83%9D%EB%A6%AC
42,https://www.a-ha.io/questions/42fd0599cb598dc5bda88e5adab71e16?aha_term=%EC%83%9D%EB%A6%AC
43,https://www.a-ha.io/questions/41479dfeec453bdfbf32b138511c762a?aha_term=%EC%83%9D%EB%A6%AC
44,https://www.a-ha.io/questions/44892960c3472c4d86ce8bb84a482ffc?aha_term=%EC%83%9D%EB%A6%AC
45,https://www.a-ha.io/questions/4717f429f011da14991bcf283c400ce5?aha_term=%EC%83%9D%EB%A6%AC
46,https://www.a-ha.io/questions/4a3d48c1b4601a94af8c2ada0c9d6ee1?aha_term=%EC%83%9D%EB%A6%AC
47,https://www.a-ha.io/questions/4d596f39e11b4651b5dda9b01742e5a9?aha_term=%EC%83%9D%EB%A6%AC
48,https://www.a-ha.io/questions/44e103e540b88ca4ac16aa13d824059f?aha_term=%EC%83%9D%EB%A6%AC
49,https://www.a-ha.io/questions/4c5b04dd8d410c45ad0140fc2f1bfda6?aha_term=%EC%83%9D%EB%A6%AC
50,https://www.a-ha.io/questions/49d15bc00a404c5198e6623a1ed185c6?aha_term=%EC%83%9D%EB%A6%AC
51,https://www.a-ha.io/questions/41f73f7e62956fe69941aad907eb2ccb?aha_term=%EC%83%9D%EB%A6%AC
52,https://www.a-ha.io/questions/4bfa3d2540da7a4e85c80da61fc87bb4?aha_term=%EC%83%9D%EB%A6%AC
53,https://www.a-ha.io/questions/443f0efbf8c52c10b3ee0e61d8e8d9f0?aha_term=%EC%83%9D%EB%A6%AC
54,https://www.a-ha.io/questions/4b8911786392fb7e836a8f748c45fb68?aha_term=%EC%83%9D%EB%A6%AC
55,https://www.a-ha.io/questions/432102407598de2ab5e2c22c1f424d74?aha_term=%EC%83%9D%EB%A6%AC
56,https://www.a-ha.io/questions/412bfcd3fb5ec063a72e2063c2c63a2e?aha_term=%EC%83%9D%EB%A6%AC
57,https://www.a-ha.io/questions/483a3ba34f60b77b95fd7e14e3554b15?aha_term=%EC%83%9D%EB%A6%AC
58,https://www.a-ha.io/questions/460e3055aa18132f9e315723a1c5a93f?aha_term=%EC%83%9D%EB%A6%AC
59,https://www.a-ha.io/questions/41eb39b6e3a4bac7a80968b1db3f9b51?aha_term=%EC%83%9D%EB%A6%AC
60,https://www.a-ha.io/questions/4fa7fd4b7a0e91ffbb4331edeaf3b70d?aha_term=%EC%83%9D%EB%A6%AC
61,https://www.a-ha.io/questions/4938c93978cad1ff948f032fd963ba7d?aha_term=%EC%83%9D%EB%A6%AC
62,https://www.a-ha.io/questions/46cadfb72c51b8c6824b5d418ae75c02?aha_term=%EC%83%9D%EB%A6%AC
63,https://www.a-ha.io/questions/4148bd9e1fca848cb11d58ecf869ce9c?aha_term=%EC%83%9D%EB%A6%AC
64,https://www.a-ha.io/questions/42130c60c7c1c93dbf0924e73b4fe3b8?aha_term=%EC%83%9D%EB%A6%AC
65,https://www.a-ha.io/questions/408ce7e7a16bb1a08aca4c3050a2bb6a?aha_term=%EC%83%9D%EB%A6%AC
66,https://www.a-ha.io/questions/4600c14be29853768775f3621353d49d?aha_term=%EC%83%9D%EB%A6%AC
67,https://www.a-ha.io/questions/497e0fcd483a4420a6e1f19543279c6a?aha_term=%EC%83%9D%EB%A6%AC
68,https://www.a-ha.io/questions/4bc76ab17129bfbb9969c54af7323952?aha_term=%EC%83%9D%EB%A6%AC
69,https://www.a-ha.io/questions/460faaec626f5cae8a8ef411211f65fb?aha_term=%EC%83%9D%EB%A6%AC
70,https://www.a-ha.io/questions/4357442ee0e6dcd6b7d7e0aa134cb7ea?aha_term=%EC%83%9D%EB%A6%AC
71,https://www.a-ha.io/questions/4ee66887e5b947c0b8cc0741f86c2698?aha_term=%EC%83%9D%EB%A6%AC
72,https://www.a-ha.io/questions/41c15b193ad2c6dc94c8fee9d33fe364?aha_term=%EC%83%9D%EB%A6%AC
73,https://www.a-ha.io/questions/47ed4f9062f63399921ddbe1aa1eeefb?aha_term=%EC%83%9D%EB%A6%AC
74,https://www.a-ha.io/questions/4789474ea1cf2d9997bfd8fe2d6dd5cc?aha_term=%EC%83%9D%EB%A6%AC
75,https://www.a-ha.io/questions/431724a4378d4c869bf7b59581e7a805?aha_term=%EC%83%9D%EB%A6%AC
76,https://www.a-ha.io/questions/4f6f94d95d6dd36590b3141b7dac7878?aha_term=%EC%83%9D%EB%A6%AC
77,https://www.a-ha.io/questions/4a5f36409712d161b6dd6cdf0c3747f1?aha_term=%EC%83%9D%EB%A6%AC
78,https://www.a-ha.io/questions/4db4aa447042e4af9639e7b1952f7235?aha_term=%EC%83%9D%EB%A6%AC
79,https://www.a-ha.io/questions/4fb14384388a95da8fe6943160503199?aha_term=%EC%83%9D%EB%A6%AC
80,https://www.a-ha.io/questions/47cc711a79f94d01a5ad57844051b5f2?aha_term=%EC%83%9D%EB%A6%AC
81,https://www.a-ha.io/questions/4074b383c7489586815f7906cb5b5e47?aha_term=%EC%83%9D%EB%A6%AC
82,https://www.a-ha.io/questions/4e6240e66bc92d148cffb874087d44ce?aha_term=%EC%83%9D%EB%A6%AC
83,https://www.a-ha.io/questions/466fea388f6f255ab936546fce9f0e4b?aha_term=%EC%83%9D%EB%A6%AC
84,https://www.a-ha.io/questions/46ea0a4bc6eeb8b5b44fa63df81cc94f?aha_term=%EC%83%9D%EB%A6%AC
85,https://www.a-ha.io/questions/4b5b9a8b4f3a796e995c2258d8fa37e1?aha_term=%EC%83%9D%EB%A6%AC
86,https://www.a-ha.io/questions/4a817da74e258d1081d8916a1523d9b6?aha_term=%EC%83%9D%EB%A6%AC
87,https://www.a-ha.io/questions/417d27049fb53405a6e44ab951fd6ae6?aha_term=%EC%83%9D%EB%A6%AC
88,https://www.a-ha.io/questions/4884beec28a2326ba6a324aeebfe644c?aha_term=%EC%83%9D%EB%A6%AC
89,https://www.a-ha.io/questions/46a11b1692fd11eb81dff2780b71800f?aha_term=%EC%83%9D%EB%A6%AC
90,https://www.a-ha.io/questions/4ac7e9f1369aba2cbd251b5684ee0a74?aha_term=%EC%83%9D%EB%A6%AC
91,https://www.a-ha.io/questions/41b38b569b6918baa8fd0f42d67f3397?aha_term=%EC%83%9D%EB%A6%AC
92,https://www.a-ha.io/questions/4c3cee83a1d68bc5944bd975bc70c80c?aha_term=%EC%83%9D%EB%A6%AC
93,https://www.a-ha.io/questions/4200bd23c97f6f3e826d666b568ceafd?aha_term=%EC%83%9D%EB%A6%AC
94,https://www.a-ha.io/questions/4ab346a0a69019689ba228f975d31039?aha_term=%EC%83%9D%EB%A6%AC
95,https://www.a-ha.io/questions/44c0cba0ca2f75649c3a8f6a9bfd33be?aha_term=%EC%83%9D%EB%A6%AC
96,https://www.a-ha.io/questions/40d9809aa8fba0f0af123f93d8104739?aha_term=%EC%83%9D%EB%A6%AC
97,https://www.a-ha.io/questions/4f0ca33d28261f909af793e9b048cd3c?aha_term=%EC%83%9D%EB%A6%AC
98,https://www.a-ha.io/questions/4fa12e1d89e2b501ac932bde94f4f1e2?aha_term=%EC%83%9D%EB%A6%AC
99,https://www.a-ha.io/questions/43ec821e0d4d3193bef8e926397fb373?aha_term=%EC%83%9D%EB%A6%AC
100,https://www.a-ha.io/questions/4ba847e13c88f354b26ef57eb39aad78?aha_term=%EC%83%9D%EB%A6%AC
101,https://www.a-ha.io/questions/4ee7fc21b53afdd0a102807ff4e03be3?aha_term=%EC%83%9D%EB%A6%AC
102,https://www.a-ha.io/questions/4519c58c0a624086857cc8430daae2af?aha_term=%EC%83%9D%EB%A6%AC
103,https://www.a-ha.io/questions/45642c3cc84cbf87a5a3046cd0238052?aha_term=%EC%83%9D%EB%A6%AC
104,https://www.a-ha.io/questions/43a74803421cc397ac1533cedfac370f?aha_term=%EC%83%9D%EB%A6%AC
105,https://www.a-ha.io/questions/43f7b062193de90f9ccc8248be2592a9?aha_term=%EC%83%9D%EB%A6%AC
106,https://www.a-ha.io/questions/429ecd275b96e572baed1c221219d663?aha_term=%EC%83%9D%EB%A6%AC
107,https://www.a-ha.io/questions/4918b7af709beaae86b8a3a5adb946d5?aha_term=%EC%83%9D%EB%A6%AC
108,https://www.a-ha.io/questions/4517b3156100202590c4d9ed082cfc77?aha_term=%EC%83%9D%EB%A6%AC
109,https://www.a-ha.io/questions/46bc75e55be86c0ca8d2647014b9fa0a?aha_term=%EC%83%9D%EB%A6%AC
110,https://www.a-ha.io/questions/4cfd905590ccb3cf859c273370139da9?aha_term=%EC%83%9D%EB%A6%AC
111,https://www.a-ha.io/questions/4428e9bb40a08c74b31858a2c49e54cf?aha_term=%EC%83%9D%EB%A6%AC
112,https://www.a-ha.io/questions/41cff5e313bd47d9bdfd435f95d5d416?aha_term=%EC%83%9D%EB%A6%AC
113,https://www.a-ha.io/questions/4f91a8c8e4effeeab04fdc07827f1878?aha_term=%EC%83%9D%EB%A6%AC
114,https://www.a-ha.io/questions/46aa8992213096d1afa9e7a90a0997cd?aha_term=%EC%83%9D%EB%A6%AC
115,https://www.a-ha.io/questions/471d95d1c21f3f39a1f8b295dca78150?aha_term=%EC%83%9D%EB%A6%AC
116,https://www.a-ha.io/questions/4018b7a74525735db94ce45ed3d26e03?aha_term=%EC%83%9D%EB%A6%AC
117,https://www.a-ha.io/questions/4d0eee2fbe6f0ac8bdb6e9540bab14b6?aha_term=%EC%83%9D%EB%A6%AC
118,https://www.a-ha.io/questions/4e52d38ffdf8da10a522717fe784d63e?aha_term=%EC%83%9D%EB%A6%AC
119,https://www.a-ha.io/questions/47fd03da35933058b678c221d0337c50?aha_term=%EC%83%9D%EB%A6%AC
120,https://www.a-ha.io/questions/4156ca6f213c242aa27332b419e2c69c?aha_term=%EC%83%9D%EB%A6%AC
121,https://www.a-ha.io/questions/42167cab377d220da0fdc9bba1acbeaa?aha_term=%EC%83%9D%EB%A6%AC
122,https://www.a-ha.io/questions/4e3e00fb7336a7ee9f1d72430476c817?aha_term=%EC%83%9D%EB%A6%AC
123,https://www.a-ha.io/questions/4454b30cf60f0aebb3def51dcbd93c3b?aha_term=%EC%83%9D%EB%A6%AC
124,https://www.a-ha.io/questions/45dab19d2fc610f79b5dbb69dc97ec78?aha_term=%EC%83%9D%EB%A6%AC
125,https://www.a-ha.io/questions/42541bd4db25b7e9a23374789a5643bd?aha_term=%EC%83%9D%EB%A6%AC
126,https://www.a-ha.io/questions/47df0d9da49ccdb98b157e76f935a290?aha_term=%EC%83%9D%EB%A6%AC
127,https://www.a-ha.io/questions/4901bca7ec9c9dbe9d4be98862febe1c?aha_term=%EC%83%9D%EB%A6%AC
128,https://www.a-ha.io/questions/4e4a9e6da343302cb26bad5cbec20bf4?aha_term=%EC%83%9D%EB%A6%AC
129,https://www.a-ha.io/questions/49fec5f8fe1d5941926a46329f028158?aha_term=%EC%83%9D%EB%A6%AC
130,https://www.a-ha.io/questions/4f774c800bb495fb93a9adbe473e87d8?aha_term=%EC%83%9D%EB%A6%AC
131,https://www.a-ha.io/questions/4fadb1b77034dfb787f00e5f67b0e2e1?aha_term=%EC%83%9D%EB%A6%AC
132,https://www.a-ha.io/questions/49ad00d24a0959a4aabebcc31584bab4?aha_term=%EC%83%9D%EB%A6%AC
133,https://www.a-ha.io/questions/441ebf35994caf6bb1f12836b66f4a81?aha_term=%EC%83%9D%EB%A6%AC
134,https://www.a-ha.io/questions/4aca7d5dfce1ccad8e3ecd664dd5decb?aha_term=%EC%83%9D%EB%A6%AC
135,https://www.a-ha.io/questions/42444755ec1b3d7cb41f61a22d949db5?aha_term=%EC%83%9D%EB%A6%AC
136,https://www.a-ha.io/questions/483c11151a245ca092a34eb53d164a55?aha_term=%EC%83%9D%EB%A6%AC
137,https://www.a-ha.io/questions/4ccc681520b2012c8e2a91438b767483?aha_term=%EC%83%9D%EB%A6%AC
138,https://www.a-ha.io/questions/4fd155be7d4b125ca3957ed905f32405?aha_term=%EC%83%9D%EB%A6%AC
139,https://www.a-ha.io/questions/4a4c3c6254b6e010bf9483ddfb0133ba?aha_term=%EC%83%9D%EB%A6%AC
140,https://www.a-ha.io/questions/46896fa53fa1cd7181090dd6250b883f?aha_term=%EC%83%9D%EB%A6%AC
141,https://www.a-ha.io/questions/423e6cf9d5251f6b8ad28e6d46aa635d?aha_term=%EC%83%9D%EB%A6%AC
142,https://www.a-ha.io/questions/43b7b6572e9c1b62aaf4396117bd9a67?aha_term=%EC%83%9D%EB%A6%AC
143,https://www.a-ha.io/questions/4cd2f58f6721d00d9c111d16aae7fdca?aha_term=%EC%83%9D%EB%A6%AC
144,https://www.a-ha.io/questions/4a48514ef33dc554ad4ac66d34602f86?aha_term=%EC%83%9D%EB%A6%AC
145,https://www.a-ha.io/questions/419f6f938ab22f559545fec8142d2bcf?aha_term=%EC%83%9D%EB%A6%AC
146,https://www.a-ha.io/questions/467e48064fe6f7369954ce0582a22c06?aha_term=%EC%83%9D%EB%A6%AC
147,https://www.a-ha.io/questions/47c5e476e1030b74a8e03664f4456700?aha_term=%EC%83%9D%EB%A6%AC
148,https://www.a-ha.io/questions/4bf7240c48d4b89a9c02d432307fbc43?aha_term=%EC%83%9D%EB%A6%AC
149,https://www.a-ha.io/questions/431338626f1ec14c9bce63effe12e4df?aha_term=%EC%83%9D%EB%A6%AC
150,https://www.a-ha.io/questions/429e64bc31207074801750fd640d0dec?aha_term=%EC%83%9D%EB%A6%AC
151,https://www.a-ha.io/questions/4059e3ce568a436381ca623ad8d7032c?aha_term=%EC%83%9D%EB%A6%AC
152,https://www.a-ha.io/questions/48e6087371a1febbaa9126ef8fc5e6ca?aha_term=%EC%83%9D%EB%A6%AC
153,https://www.a-ha.io/questions/4c2964ce3f980970bf4a5b0b27b3e1e2?aha_term=%EC%83%9D%EB%A6%AC
154,https://www.a-ha.io/questions/430f611165bf5254a6c255cae0ae302a?aha_term=%EC%83%9D%EB%A6%AC
155,https://www.a-ha.io/questions/4fdb9d4eac95e6f28e7405321f8f09d0?aha_term=%EC%83%9D%EB%A6%AC
156,https://www.a-ha.io/questions/46f2d431924e8a4aa2fe6811682bac67?aha_term=%EC%83%9D%EB%A6%AC
157,https://www.a-ha.io/questions/43877a9bf81614f69188568eccffd656?aha_term=%EC%83%9D%EB%A6%AC
158,https://www.a-ha.io/questions/4ccb349e47ee511b82c30d7eb0a07cf6?aha_term=%EC%83%9D%EB%A6%AC
159,https://www.a-ha.io/questions/434ab10e36a08d2b977279f29f2e5304?aha_term=%EC%83%9D%EB%A6%AC
160,https://www.a-ha.io/questions/48ef1a2c9152ea198238e78f64257882?aha_term=%EC%83%9D%EB%A6%AC
161,https://www.a-ha.io/questions/400d636bcef2497795f9eba55f9cb8b8?aha_term=%EC%83%9D%EB%A6%AC
162,https://www.a-ha.io/questions/484749d8e175aa32b449653ef50e88dd?aha_term=%EC%83%9D%EB%A6%AC
163,https://www.a-ha.io/questions/4718220f5917c5bd83a3d3e4f8bbf85b?aha_term=%EC%83%9D%EB%A6%AC
164,https://www.a-ha.io/questions/4f09469e1d5728dc8ee65c9b144b678d?aha_term=%EC%83%9D%EB%A6%AC
165,https://www.a-ha.io/questions/46bec0dd5c9139129d18ce7b09d69ee7?aha_term=%EC%83%9D%EB%A6%AC
166,https://www.a-ha.io/questions/4e4fcd1a5965b327a4891669ccd2f327?aha_term=%EC%83%9D%EB%A6%AC
167,https://www.a-ha.io/questions/4cd5e733295947f0b441781b739ae99b?aha_term=%EC%83%9D%EB%A6%AC
168,https://www.a-ha.io/questions/438a043a0008d17cb4c2bfe31fe35119?aha_term=%EC%83%9D%EB%A6%AC
169,https://www.a-ha.io/questions/48188e53761c2f85a64735608b476dc2?aha_term=%EC%83%9D%EB%A6%AC
170,https://www.a-ha.io/questions/425518dcbf1b0e51b2d35aa6122a2c3f?aha_term=%EC%83%9D%EB%A6%AC
171,https://www.a-ha.io/questions/4f2355bdb20f403ba2a3e88ce2ed8b5e?aha_term=%EC%83%9D%EB%A6%AC
172,https://www.a-ha.io/questions/430ff30c98d839d6bd65864bb9e6abd2?aha_term=%EC%83%9D%EB%A6%AC
173,https://www.a-ha.io/questions/438bddf50362671e8329fcea28fe1704?aha_term=%EC%83%9D%EB%A6%AC
174,https://www.a-ha.io/questions/4c4a0e7760bdff24ae9216bc31ca0b5a?aha_term=%EC%83%9D%EB%A6%AC
175,https://www.a-ha.io/questions/4c96d151930f47d9bf333fb9cbbf9e48?aha_term=%EC%83%9D%EB%A6%AC
176,https://www.a-ha.io/questions/42936e36c539774186d1194940b85f2c?aha_term=%EC%83%9D%EB%A6%AC
177,https://www.a-ha.io/questions/4eaf85b541f6edbe8e168d88ed7bac62?aha_term=%EC%83%9D%EB%A6%AC
178,https://www.a-ha.io/questions/4891b8145fbe06cc91809581a13ec956?aha_term=%EC%83%9D%EB%A6%AC
179,https://www.a-ha.io/questions/45e0937c44d77fd5860f0012ac03d947?aha_term=%EC%83%9D%EB%A6%AC
180,https://www.a-ha.io/questions/46c6c7b4a71030cfa368e045a128dcd8?aha_term=%EC%83%9D%EB%A6%AC
181,https://www.a-ha.io/questions/4e4781767935cdf59d65f8f7f4ed6b8c?aha_term=%EC%83%9D%EB%A6%AC
182,https://www.a-ha.io/questions/433e855dee291104892312e7dd1185d5?aha_term=%EC%83%9D%EB%A6%AC
183,https://www.a-ha.io/questions/4dc8ef42a8028f2e99c1d20e7053e8cd?aha_term=%EC%83%9D%EB%A6%AC
184,https://www.a-ha.io/questions/4a883cf849940472aa586d7c331df981?aha_term=%EC%83%9D%EB%A6%AC
185,https://www.a-ha.io/questions/45723673702e52d4b68fe2150fb03dd9?aha_term=%EC%83%9D%EB%A6%AC
186,https://www.a-ha.io/questions/4d3020424b56bde4bd5f3fd3790ee809?aha_term=%EC%83%9D%EB%A6%AC
187,https://www.a-ha.io/questions/490093ed77c02f2bb6846b0c19f3509f?aha_term=%EC%83%9D%EB%A6%AC
188,https://www.a-ha.io/questions/4b4ad38f070d4af3aef2be441530466e?aha_term=%EC%83%9D%EB%A6%AC
189,https://www.a-ha.io/questions/4fa5d9c9d5d2fab19302a3a70303d0b4?aha_term=%EC%83%9D%EB%A6%AC
190,https://www.a-ha.io/questions/460a6db1e925100f9540b77acf1dd7a0?aha_term=%EC%83%9D%EB%A6%AC
191,https://www.a-ha.io/questions/435a703cc5e19ef69decfe21097b33c4?aha_term=%EC%83%9D%EB%A6%AC
192,https://www.a-ha.io/questions/436b700006935f939345be8e012ca410?aha_term=%EC%83%9D%EB%A6%AC
193,https://www.a-ha.io/questions/46885826a5d75ba199f818d07bffdc6f?aha_term=%EC%83%9D%EB%A6%AC
194,https://www.a-ha.io/questions/46dcc448542a8d1eba40b40dd4c83b22?aha_term=%EC%83%9D%EB%A6%AC
195,https://www.a-ha.io/questions/48a946f98ba77cc48c7dedc98b78f4e1?aha_term=%EC%83%9D%EB%A6%AC
196,https://www.a-ha.io/questions/48dc33d9b4c749778bf626203b055dc2?aha_term=%EC%83%9D%EB%A6%AC
197,https://www.a-ha.io/questions/44984f100840ca4bb962978565696f97?aha_term=%EC%83%9D%EB%A6%AC
198,https://www.a-ha.io/questions/4a1ed4593e79ea84a3dc1aba1b84d8c3?aha_term=%EC%83%9D%EB%A6%AC
199,https://www.a-ha.io/questions/439de42a6699d769bacf60b2cf9efec9?aha_term=%EC%83%9D%EB%A6%AC
200,https://www.a-ha.io/questions/4f9e2da5adf927198d10a5ba5bf8ef30?aha_term=%EC%83%9D%EB%A6%AC
201,https://www.a-ha.io/questions/44a919446044b62292dded6de239ca6c?aha_term=%EC%83%9D%EB%A6%AC
202,https://www.a-ha.io/questions/43388d93235dbcba9a82c656804be6b9?aha_term=%EC%83%9D%EB%A6%AC
203,https://www.a-ha.io/questions/4d362f3a28df41949cfbefc480b0a4f4?aha_term=%EC%83%9D%EB%A6%AC
204,https://www.a-ha.io/questions/46f0227664c35d738d86622b388ef169?aha_term=%EC%83%9D%EB%A6%AC
205,https://www.a-ha.io/questions/40383e19e0bbcf9ab9ba081f8a99f8db?aha_term=%EC%83%9D%EB%A6%AC
206,https://www.a-ha.io/questions/49c9061f9525d7bcbbad7c2c7c9b4b9b?aha_term=%EC%83%9D%EB%A6%AC
207,https://www.a-ha.io/questions/450e7c33b9989af29874db8b5877597e?aha_term=%EC%83%9D%EB%A6%AC
208,https://www.a-ha.io/questions/432431a56d2bafb4a4729b0ba112b904?aha_term=%EC%83%9D%EB%A6%AC
209,https://www.a-ha.io/questions/4781b026e3732b658e2cb5bc894927f5?aha_term=%EC%83%9D%EB%A6%AC
210,https://www.a-ha.io/questions/43b0ea441f305dcebab0b7ec43a72e49?aha_term=%EC%83%9D%EB%A6%AC
211,https://www.a-ha.io/questions/47742a7c10d61bcca9a34ea70f84bf34?aha_term=%EC%83%9D%EB%A6%AC
212,https://www.a-ha.io/questions/4b0be7b8b7b15fabb7d7b699fe62e403?aha_term=%EC%83%9D%EB%A6%AC
213,https://www.a-ha.io/questions/419353b40a2abd29906624d29b061259?aha_term=%EC%83%9D%EB%A6%AC
214,https://www.a-ha.io/questions/40f133d3a00df883bdd84e6647b82695?aha_term=%EC%83%9D%EB%A6%AC
215,https://www.a-ha.io/questions/4fb6ec42d13e9b36ab76a93dbbc05d37?aha_term=%EC%83%9D%EB%A6%AC
216,https://www.a-ha.io/questions/4ff8d74875aaaadc8387ad858a8a202f?aha_term=%EC%83%9D%EB%A6%AC
217,https://www.a-ha.io/questions/47025a9e81ee93129bc0c8ebd39cc7d0?aha_term=%EC%83%9D%EB%A6%AC
218,https://www.a-ha.io/questions/412c8b5a7364c6108a3e0e0d5e5b0459?aha_term=%EC%83%9D%EB%A6%AC
219,https://www.a-ha.io/questions/4fb7f318f19c0fcda826a196811e1365?aha_term=%EC%83%9D%EB%A6%AC
